Actor_Id,Actor
1,Tim Robbins
2,Morgan Freeman
3,Bob Gunton
4,William Sadler
5,Marlon Brando
6,Al Pacino
7,James Caan
8,Diane Keaton
9,Christian Bale
10,Heath Ledger
11,Aaron Eckhart
12,Michael Caine
13,Robert De Niro
14,Robert Duvall
15,Henry Fonda
16,Lee J. Cobb
17,Martin Balsam
18,John Fiedler
19,Elijah Wood
20,Viggo Mortensen
21,Ian McKellen
22,Orlando Bloom
23,John Travolta
24,Uma Thurman
25,Samuel L. Jackson
26,Bruce Willis
27,Liam Neeson
28,Ralph Fiennes
29,Ben Kingsley
30,Caroline Goodall
31,Leonardo DiCaprio
32,Joseph Gordon-Levitt
33,Elliot Page
34,Ken Watanabe
35,Brad Pitt
36,Edward Norton
37,Meat Loaf
38,Zach Grenier
39,Sean Bean
40,Tom Hanks
41,Robin Wright
42,Gary Sinise
43,Sally Field
44,Clint Eastwood
45,Eli Wallach
46,Lee Van Cleef
47,Aldo Giuffrè
48,Lilly Wachowski
49,Keanu Reeves
50,Laurence Fishburne
51,Carrie-Anne Moss
52,Ray Liotta
53,Joe Pesci
54,Lorraine Bracco
55,Mark Hamill
56,Harrison Ford
57,Carrie Fisher
58,Billy Dee Williams
59,Jack Nicholson
60,Louise Fletcher
61,Michael Berryman
62,Peter Brocco
63,Lin-Manuel Miranda
64,Phillipa Soo
65,Leslie Odom Jr.
66,Renée Elise Goldsberry
67,Kang-ho Song
68,Lee Sun-kyun
69,Cho Yeo-jeong
70,Choi Woo-sik
71,Suriya
72,Madhavan
73,Paresh Rawal
74,Aparna Balamurali
75,Matthew McConaughey
76,Anne Hathaway
77,Jessica Chastain
78,Mackenzie Foy
79,Kátia Lund
80,Alexandre Rodrigues
81,Leandro Firmino
82,Matheus Nachtergaele
83,Daveigh Chase
84,Suzanne Pleshette
85,Miyu Irino
86,Rumi Hiiragi
87,Matt Damon
88,Tom Sizemore
89,Edward Burns
90,Michael Clarke Duncan
91,David Morse
92,Bonnie Hunt
93,Roberto Benigni
94,Nicoletta Braschi
95,Giorgio Cantarini
96,Giustino Durano
97,Kevin Spacey
98,Andrew Kevin Walker
99,Jodie Foster
100,Anthony Hopkins
101,Lawrence A. Bonney
102,Kasi Lemmons
103,Alec Guinness
104,Tatsuya Nakadai
105,Akira Ishihama
106,Shima Iwashita
107,Tetsurô Tanba
108,Toshirô Mifune
109,Takashi Shimura
110,Keiko Tsushima
111,Yukiko Shimazaki
112,James Stewart
113,Donna Reed
114,Lionel Barrymore
115,Thomas Mitchell
116,Joaquin Phoenix
117,Zazie Beetz
118,Frances Conroy
119,Miles Teller
120,J.K. Simmons
121,Melissa Benoist
122,Paul Reiser
123,Éric Toledano
124,François Cluzet
125,Omar Sy
126,Anne Le Ny
127,Hugh Jackman
128,Scarlett Johansson
129,Mark Wahlberg
130,Adrien Brody
131,Thomas Kretschmann
132,Frank Finlay
133,Emilia Fox
134,Russell Crowe
135,Connie Nielsen
136,Oliver Reed
137,Edward Furlong
138,Beverly D'Angelo
139,Jennifer Lien
140,Gabriel Byrne
141,Chazz Palminteri
142,Stephen Baldwin
143,Jean Reno
144,Gary Oldman
145,Natalie Portman
146,Danny Aiello
147,Rob Minkoff
148,Matthew Broderick
149,Jeremy Irons
150,James Earl Jones
151,Arnold Schwarzenegger
152,Linda Hamilton
153,Robert Patrick
154,Philippe Noiret
155,Enzo Cannavale
156,Antonella Attili
157,Isa Danieli
158,Tsutomu Tatsumi
159,Ayano Shiraishi
160,Akemi Yamaguchi
161,Yoshiko Shinohara
162,Michael J. Fox
163,Christopher Lloyd
164,Lea Thompson
165,Crispin Glover
166,Charles Bronson
167,Claudia Cardinale
168,Jason Robards
169,Anthony Perkins
170,Janet Leigh
171,Vera Miles
172,John Gavin
173,Humphrey Bogart
174,Ingrid Bergman
175,Paul Henreid
176,Claude Rains
177,Charles Chaplin
178,Paulette Goddard
179,Henry Bergman
180,Tiny Sandford
181,Virginia Cherrill
182,Florence Lee
183,Harry Myers
184,Zain Al Rafeea
185,Yordanos Shiferaw
186,Boluwatife Treasure Bankole
187,Kawsar Al Haddad
188,Erdem Can
189,Çetin Tekindor
190,Ismail Hacioglu
191,Kyung-jin Lee
192,Pushkar
193,Vijay Sethupathi
194,Shraddha Srinath
195,Ryûnosuke Kamiki
196,Mone Kamishiraishi
197,Ryô Narita
198,Aoi Yûki
199,Aamir Khan
200,Sakshi Tanwar
201,Fatima Sana Shaikh
202,Sanya Malhotra
203,Peter Ramsey
204,Rodney Rothman
205,Shameik Moore
206,Jake Johnson
207,Joe Russo
208,Robert Downey Jr.
209,Chris Evans
210,Mark Ruffalo
211,Chris Hemsworth
212,Adrian Molina
213,Anthony Gonzalez
214,Gael García Bernal
215,Benjamin Bratt
216,Jamie Foxx
217,Christoph Waltz
218,Kerry Washington
219,Tom Hardy
220,Mona Singh
221,Sharman Joshi
222,Amole Gupte
223,Darsheel Safary
224,Tisca Chopra
225,Ben Burtt
226,Elissa Knight
227,Jeff Garlin
228,Fred Willard
229,Ulrich Mühe
230,Martina Gedeck
231,Sebastian Koch
232,Ulrich Tukur
233,Choi Min-sik
234,Yoo Ji-Tae
235,Kang Hye-jeong
236,Kim Byeong-Ok
237,Guy Pearce
238,Joe Pantoliano
239,Mark Boone Junior
240,Yôji Matsuda
241,Yuriko Ishida
242,Yûko Tanaka
243,Billy Crudup
244,James Woods
245,Elizabeth McGovern
246,Treat Williams
247,Karen Allen
248,Paul Freeman
249,John Rhys-Davies
250,Shelley Duvall
251,Danny Lloyd
252,Scatman Crothers
253,Martin Sheen
254,Frederic Forrest
255,Sigourney Weaver
256,Tom Skerritt
257,John Hurt
258,Veronica Cartwright
259,Rajesh Khanna
260,Amitabh Bachchan
261,Sumita Sanyal
262,Ramesh Deo
263,Yutaka Sada
264,Kyôko Kagawa
265,Peter Sellers
266,George C. Scott
267,Sterling Hayden
268,Keenan Wynn
269,Tyrone Power
270,Marlene Dietrich
271,Charles Laughton
272,Elsa Lanchester
273,Kirk Douglas
274,Ralph Meeker
275,Adolphe Menjou
276,George Macready
277,Grace Kelly
278,Wendell Corey
279,Thelma Ritter
280,William Holden
281,Gloria Swanson
282,Erich von Stroheim
283,Nancy Olson
284,Jack Oakie
285,Reginald Gardiner
286,Dean-Charles Chapman
287,George MacKay
288,Daniel Mays
289,Colin Firth
290,Anand Gandhi
291,Adesh Prasad
292,Sohum Shah
293,Jyoti Malshe
294,Ayushmann Khurrana
295,Tabu
296,Radhika Apte
297,Anil Dhawan
298,Mohanlal
299,Meena
300,Asha Sharath
301,Ansiba
302,Mads Mikkelsen
303,Thomas Bo Larsen
304,Annika Wedderkopp
305,Lasse Fogelstrøm
306,Payman Maadi
307,Leila Hatami
308,Sareh Bayat
309,Shahab Hosseini
310,Lubna Azabal
311,Mélissa Désormeaux-Poulin
312,Maxim Gaudette
313,Mustafa Kamel
314,Aras Bulut Iynemli
315,Nisa Sofiya Aksongur
316,Deniz Baysal
317,Celile Toyon Uysal
318,Fikret Kuskan
319,Hümeyra
320,Ege Tanman
321,Diane Kruger
322,Eli Roth
323,Mélanie Laurent
324,Jim Carrey
325,Kate Winslet
326,Tom Wilkinson
327,Gerry Robert Byrne
328,Audrey Tautou
329,Mathieu Kassovitz
330,Rufus
331,Lorella Cravotta
332,Jason Statham
333,Benicio Del Toro
334,Dennis Farina
335,Ellen Burstyn
336,Jared Leto
337,Jennifer Connelly
338,Marlon Wayans
339,Annette Bening
340,Thora Birch
341,Wes Bentley
342,Robin Williams
343,Ben Affleck
344,Stellan Skarsgård
345,Mohammad Amir Naji
346,Amir Farrokh Hashemian
347,Bahare Seddiqi
348,Nafise Jafar-Mohammadi
349,Tim Allen
350,Don Rickles
351,Jim Varney
352,Mel Gibson
353,Sophie Marceau
354,Patrick McGoohan
355,Angus Macfadyen
356,Harvey Keitel
357,Tim Roth
358,Michael Madsen
359,Chris Penn
360,Matthew Modine
361,R. Lee Ermey
362,Vincent D'Onofrio
363,Adam Baldwin
364,Aleksey Kravchenko
365,Olga Mironova
366,Liubomiras Laucevicius
367,Vladas Bagdonas
368,Michael Biehn
369,Carrie Henn
370,F. Murray Abraham
371,Tom Hulce
372,Elizabeth Berridge
373,Roy Dotrice
374,Michelle Pfeiffer
375,Steven Bauer
376,Mary Elizabeth Mastrantonio
377,Jürgen Prochnow
378,Herbert Grönemeyer
379,Klaus Wennemann
380,Hubertus Bengsch
381,Cybill Shepherd
382,Albert Brooks
383,Paul Newman
384,Robert Redford
385,Robert Shaw
386,Charles Durning
387,Malcolm McDowell
388,Patrick Magee
389,Michael Bates
390,Warren Clarke
391,Keir Dullea
392,Gary Lockwood
393,William Sylvester
394,Daniel Richter
395,Gian Maria Volontè
396,Mara Krupp
397,Peter O'Toole
398,Anthony Quinn
399,Jack Hawkins
400,Jack Lemmon
401,Shirley MacLaine
402,Fred MacMurray
403,Ray Walston
404,Cary Grant
405,Eva Marie Saint
406,James Mason
407,Jessie Royce Landis
408,Kim Novak
409,Barbara Bel Geddes
410,Tom Helmore
411,Gene Kelly
412,Donald O'Connor
413,Debbie Reynolds
414,Nobuo Kaneko
415,Shin'ichi Himori
416,Haruo Tanaka
417,Lamberto Maggiorani
418,Enzo Staiola
419,Lianella Carell
420,Elena Altieri
421,Barbara Stanwyck
422,Edward G. Robinson
423,Byron Barr
424,Orson Welles
425,Joseph Cotten
426,Dorothy Comingore
427,Agnes Moorehead
428,Peter Lorre
429,Ellen Widmann
430,Inge Landgut
431,Otto Wernicke
432,Brigitte Helm
433,Alfred Abel
434,Gustav Fröhlich
435,Rudolf Klein-Rogge
436,Sushant Singh Rajput
437,Shraddha Kapoor
438,Varun Sharma
439,Prateik
440,Vicky Kaushal
441,Mohit Raina
442,Yami Gautam
443,Yash
444,Srinidhi Shetty
445,Ramachandra Raju
446,Archana Jois
447,Mahershala Ali
448,Linda Cardellini
449,Sebastian Maniscalco
450,Frances McDormand
451,Woody Harrelson
452,Sam Rockwell
453,Caleb Landry Jones
454,Irrfan Khan
455,Konkona Sen Sharma
456,Neeraj Kabi
457,Prabhas
458,Rana Daggubati
459,Anushka Shetty
460,Tamannaah Bhatia
461,Carlos Martínez López
462,Jason Schwartzman
463,Rashida Jones
464,Ajay Devgn
465,Shriya Saran
466,Rajat Kapoor
467,Kangana Ranaut
468,Rajkummar Rao
469,Lisa Haydon
470,Jeffrey Ho
471,Lembit Ulfsak
472,Elmo Nüganen
473,Giorgi Nakashidze
474,Misha Meskhi
475,Farhan Akhtar
476,Sonam Kapoor
477,Pawan Malhotra
478,Art Malik
479,Manoj Bajpayee
480,Richa Chadha
481,Nawazuddin Siddiqui
482,Tigmanshu Dhulia
483,Rajat Barmecha
484,Ronit Roy
485,Manjot Singh
486,Ram Kapoor
487,Mahie Gill
488,Rajesh Abhay
489,Hemendra Dandotiya
490,Ricardo Darín
491,Soledad Villamil
492,Pablo Rago
493,Carla Quevedo
494,Nick Nolte
495,Joel Edgerton
496,Jennifer Morrison
497,Emily Mortimer
498,Bob Peterson
499,Edward Asner
500,Jordan Nagai
501,John Ratzenberger
502,Jonah Hill
503,Margot Robbie
504,Shah Rukh Khan
505,Vidya Malvade
506,Sagarika Ghatge
507,Shilpa Shukla
508,Daniel Day-Lewis
509,Paul Dano
510,Ciarán Hinds
511,Martin Stringer
512,Ivana Baquero
513,Ariadna Gil
514,Sergi López
515,Maribel Verdú
516,Joan Cusack
517,Ned Beatty
518,Hugo Weaving
519,Rupert Graves
520,Stephen Rea
521,Soha Ali Khan
522,Siddharth
523,Rani Mukerji
524,Shernaz Patel
525,Ayesha Kapoor
526,Gayatri Joshi
527,Kishori Ballal
528,Smit Sheth
529,Bruno Ganz
530,Alexandra Maria Lara
531,Ulrich Matthes
532,Juliane Köhler
533,Chieko Baishô
534,Takuya Kimura
535,Tatsuya Gashûin
536,Akihiro Miwa
537,Ed Harris
538,Christopher Plummer
539,Akshay Kumar
540,Sunil Shetty
541,Jason Flemyng
542,Dexter Fletcher
543,Nick Moran
544,Kim Basinger
545,Sener Sen
546,Ugur Yücel
547,Sermin Hürmeriç
548,Yesim Salkim
549,Val Kilmer
550,Jon Voight
551,Sharon Stone
552,Salman Khan
553,Raveena Tandon
554,Karisma Kapoor
555,Gene Hackman
556,Richard Harris
557,Sean Connery
558,Alison Doody
559,Denholm Elliott
560,Davor Dujmovic
561,Bora Todorovic
562,Ljubica Adzovic
563,Husnija Hasimovic
564,Hitoshi Takagi
565,Noriko Hidaka
566,Chika Sakamoto
567,Shigesato Itoi
568,Alan Rickman
569,Bonnie Bedelia
570,Reginald VelJohnson
571,Akira Terao
572,Jinpachi Nezu
573,Daisuke Ryû
574,Cathy Moriarty
575,Frank Vincent
576,Alisa Freyndlikh
577,Aleksandr Kaydanovskiy
578,Anatoliy Solonitsyn
579,Nikolay Grinko
580,Liv Ullmann
581,Lena Nyman
582,Halvar Björk
583,Irene Papas
584,Michael Ansara
585,Johnny Sekka
586,Sanjeev Kumar
587,Dharmendra
588,Amjad Khan
589,Terry Jones
590,Graham Chapman
591,John Cleese
592,Eric Idle
593,Steve McQueen
594,James Garner
595,Richard Attenborough
596,Gregory Peck
597,John Megna
598,Frank Overton
599,Rosemary Murphy
600,Eijirô Tôno
601,Yôko Tsukasa
602,Spencer Tracy
603,Burt Lancaster
604,Richard Widmark
605,Marilyn Monroe
606,Tony Curtis
607,George Raft
608,Victor Sjöström
609,Bibi Andersson
610,Ingrid Thulin
611,Gunnar Björnstrand
612,Max von Sydow
613,Bengt Ekerot
614,Nils Poppe
615,Jean Servais
616,Carl Möhner
617,Robert Manuel
618,Janine Darcey
619,Ray Milland
620,Robert Cummings
621,John Williams
622,Chishû Ryû
623,Chieko Higashiyama
624,Sô Yamamura
625,Setsuko Hara
626,Machiko Kyô
627,Masayuki Mori
628,Bette Davis
629,Anne Baxter
630,George Sanders
631,Celeste Holm
632,Walter Huston
633,Tim Holt
634,Bruce Bennett
635,Carole Lombard
636,Jack Benny
637,Robert Stack
638,Felix Bressart
639,Noémie Merlant
640,Adèle Haenel
641,Luàna Bajrami
642,Valeria Golino
643,Taapsee Pannu
644,Kirti Kulhari
645,Andrea Tariang
646,Saori Hayami
647,Kenshô Ono
648,Mario Casas
649,Ana Wagener
650,Jose Coronado
651,Bárbara Lennie
652,Kim Min-hee
653,Jung-woo Ha
654,Cho Jin-woong
655,Moon So-Ri
656,Anne Dorval
657,Antoine Olivier Pilon
658,Suzanne Clément
659,Patrick Huard
660,Shahid Kapoor
661,Kay Kay Menon
662,Patrick Stewart
663,Dafne Keen
664,Boyd Holbrook
665,Brie Larson
666,Jacob Tremblay
667,Sean Bridgers
668,Wendy Crewson
669,Darío Grandinetti
670,María Marull
671,Mónica Villa
672,Diego Starosta
673,Kemp Powers
674,Tina Fey
675,Graham Norton
676,Haluk Bilginer
677,Melisa Sözen
678,Demet Akbag
679,Ayberk Pekcan
680,Anushka Sharma
681,Sanjay Dutt
682,Boman Irani
683,Mithun Chakraborty
684,Mahesh Manjrekar
685,Mathieu Amalric
686,Rosamund Pike
687,Neil Patrick Harris
688,Tyler Perry
689,Aoi Miyazaki
690,Takao Osawa
691,Haru Kuroki
692,Yukito Nishii
693,Andrew Garfield
694,Sam Worthington
695,Luke Bracey
696,Teresa Palmer
697,Ronnie Del Carmen
698,Amy Poehler
699,Bill Hader
700,Lewis Black
701,Ranbir Kapoor
702,Priyanka Chopra
703,Ileana D'Cruz
704,Saurabh Shukla
705,Chiwetel Ejiofor
706,Michael Kenneth Williams
707,Michael Fassbender
708,Daniel Brühl
709,Olivia Wilde
710,Jon Bernthal
711,Caitriona Balfe
712,Michael Keaton
713,Rachel McAdams
714,Liev Schreiber
715,David Rawle
716,Brendan Gleeson
717,Lisa Hannigan
718,Fionnula Flanagan
719,Vidya Balan
720,Parambrata Chattopadhyay
721,Indraneil Sengupta
722,Hrithik Roshan
723,Abhay Deol
724,Katrina Kaif
725,Jake Gyllenhaal
726,Viola Davis
727,Melissa Leo
728,Charlize Theron
729,Nicholas Hoult
730,Zoë Kravitz
731,Anupam Kher
732,Naseeruddin Shah
733,Jimmy Sheirgill
734,Aamir Bashir
735,Bee Vang
736,Christopher Carley
737,Ahney Her
738,Daniel Radcliffe
739,Emma Watson
740,Rupert Grint
741,Michael Gambon
742,Masahiro Motoki
743,Ryôko Hirosue
744,Tsutomu Yamazaki
745,Kazuko Yoshiyuki
746,Richard Gere
747,Joan Allen
748,Cary-Hiroyuki Tagawa
749,Sarah Roemer
750,Toni Collette
751,Philip Seymour Hoffman
752,Eric Bana
753,Barry Humphries
754,Chris Sanders
755,Jay Baruchel
756,Gerard Butler
757,Christopher Mintz-Plasse
758,Emile Hirsch
759,Vince Vaughn
760,Catherine Keener
761,Marcia Gay Harden
762,Joel Coen
763,Tommy Lee Jones
764,Javier Bardem
765,Josh Brolin
766,Arshad Warsi
767,Hilary Swank
768,Don Cheadle
769,Sophie Okonedo
770,Xolani Mali
771,Jang Dong-Gun
772,Won Bin
773,Eun-ju Lee
774,Hyeong-jin Kong
775,Ethan Hawke
776,Julie Delpy
777,Vernon Dobtcheff
778,Louise Lemoine Torrès
779,Gracy Singh
780,Sunil Dutt
781,Kim Sang-kyung
782,Roe-ha Kim
783,Jae-ho Song
784,Saif Ali Khan
785,Akshaye Khanna
786,Preity Zinta
787,David Carradine
788,Daryl Hannah
789,Lee Unkrich
790,Ellen DeGeneres
791,Alexander Gould
792,Christopher Walken
793,Emilio Echevarría
794,Goya Toledo
795,Álvaro Guerrero
796,David Silverman
797,Billy Crystal
798,John Goodman
799,Kazuya Tsurumaki
800,Megumi Ogata
801,Megumi Hayashibara
802,Yûko Miyamura
803,Raghuvir Yadav
804,Rachel Shelley
805,Haley Joel Osment
806,Olivia Williams
807,Pruitt Taylor Vince
808,Mélanie Thierry
809,Bill Nunn
810,Laura Linney
811,Noah Emmerich
812,Bajram Severdzan
813,Srdjan 'Zika' Todorovic
814,Branka Katic
815,Florijan Ajdini
816,Ethan Coen
817,Jeff Bridges
818,Julianne Moore
819,Tony Chiu-Wai Leung
820,Maggie Cheung
821,Ping Lam Siu
822,Tung Cho 'Joe' Cheung
823,Ewan McGregor
824,Ewen Bremner
825,Jonny Lee Miller
826,Kevin McKidd
827,William H. Macy
828,Steve Buscemi
829,Predrag 'Miki' Manojlovic
830,Lazar Ristovski
831,Mirjana Jokovic
832,Slavko Stimac
833,Vincent Cassel
834,Hubert Koundé
835,Saïd Taghmaoui
836,Abdel Ahmed Ghili
837,Kajol
838,Amrish Puri
839,Farida Jalal
840,Andrea Eckert
841,Hanno Pöschl
842,Irène Jacob
843,Jean-Louis Trintignant
844,Frédérique Feder
845,Jean-Pierre Lorit
846,Brigitte Lin
847,Takeshi Kaneshiro
848,Faye Wong
849,Sam Neill
850,Laura Dern
851,Jeff Goldblum
852,Pete Postlethwaite
853,Alison Crosbie
854,Philip King
855,Leslie Cheung
856,Fengyi Zhang
857,Gong Li
858,You Ge
859,Jingwu Ma
860,Saifei He
861,Cuifen Cao
862,Robert Sean Leonard
863,Josh Charles
864,Wil Wheaton
865,River Phoenix
866,Corey Feldman
867,Jerry O'Connell
868,Charlie Sheen
869,Tom Berenger
870,Willem Dafoe
871,Keith David
872,Harry Dean Stanton
873,Nastassja Kinski
874,Dean Stockwell
875,Aurore Clément
876,Sumi Shimamoto
877,Mahito Tsujimura
878,Hisako Kyôda
879,Gorô Naya
880,Kurt Russell
881,Wilford Brimley
882,Richard Masur
883,Bob Geldof
884,Christine Hargreaves
885,James Laurenson
886,Eleanor David
887,Klaus Kinski
888,José Lewgoy
889,Miguel Ángel Fuentes
890,Bertil Guve
891,Pernilla Allwin
892,Kristina Adolphson
893,Börje Ahlstedt
894,Rutger Hauer
895,Sean Young
896,Edward James Olmos
897,Anne Bancroft
898,John Gielgud
899,Michael Palin
900,Terry Gilliam
901,John Cazale
902,John Savage
903,Sylvester Stallone
904,Talia Shire
905,Burt Young
906,Carl Weathers
907,Faye Dunaway
908,Peter Finch
909,Ryan O'Neal
910,Marisa Berenson
911,Hardy Krüger
912,Margarita Terekhova
913,Filipp Yankovskiy
914,Ignat Daniltsev
915,Oleg Yankovskiy
916,John Huston
917,Perry Lopez
918,Tatum O'Neal
919,Madeline Kahn
920,John Hillerman
921,Harriet Andersson
922,Kari Sylwan
923,Natalya Bondarchuk
924,Donatas Banionis
925,Jüri Järvet
926,Vladislav Dvorzhetskiy
927,Alain Delon
928,François Périer
929,Nathalie Delon
930,Cathy Rosier
931,George Kennedy
932,Strother Martin
933,J.D. Cannon
934,Margaretha Krook
935,Ivan Lapikov
936,Nikolay Sergeev
937,Brahim Hadjadj
938,Jean Martin
939,Yacef Saadi
940,Samia Kerbash
941,Silvia Pinal
942,Jacqueline Andere
943,Enrique Rambal
944,José Baviera
945,Joan Crawford
946,Victor Buono
947,Wesley Addy
948,Keiju Kobayashi
949,Yûnosuke Itô
950,John Wayne
951,Lee Marvin
952,Eduard Abalov
953,Nikolay Burlyaev
954,Valentin Zubkov
955,Evgeniy Zharikov
956,Birgitta Valberg
957,Gunnel Lindblom
958,Birgitta Pettersson
959,Fredric March
960,Dick York
961,Jean-Pierre Léaud
962,Albert Rémy
963,Claire Maurier
964,Guy Decomble
965,Charlton Heston
966,Stephen Boyd
967,Haya Harareet
968,Misa Uehara
969,Minoru Chiaki
970,Kamatari Fujiwara
971,Giulietta Masina
972,Franca Marzi
973,Dorian Gray
974,Isuzu Yamada
975,Sessue Hayakawa
976,Karl Malden
977,Rod Steiger
978,Yves Montand
979,Charles Vanel
980,Peter van Eyck
981,Folco Lulli
982,Jan Sterling
983,Robert Arthur
984,Porter Hall
985,James Cagney
986,Virginia Mayo
987,Edmond O'Brien
988,Margaret Wycherly
989,Alida Valli
990,Trevor Howard
991,Emeric Pressburger
992,Anton Walbrook
993,Marius Goring
994,Moira Shearer
995,Margaret Sullavan
996,Frank Morgan
997,Joseph Schildkraut
998,Laurence Olivier
999,Joan Fontaine
1000,Judith Anderson
1001,Jean Arthur
1002,Edward Arnold
1003,George Cukor
1004,Sam Wood
1005,Clark Gable
1006,Vivien Leigh
1007,Jean Gabin
1008,Dita Parlo
1009,Pierre Fresnay
1010,Claudette Colbert
1011,Walter Connolly
1012,Roscoe Karns
1013,Maria Falconetti
1014,Eugene Silvain
1015,André Berley
1016,Maurice Schutz
1017,Merna Kennedy
1018,Al Ernest Garcia
1019,Harry Crocker
1020,George O'Brien
1021,Janet Gaynor
1022,Margaret Livingston
1023,Bodil Rosing
1024,Neena Gupta
1025,Gajraj Rao
1026,Julianne Nicholson
1027,Christopher Heyerdahl
1028,Richard Dormer
1029,Nimrat Kaur
1030,Kumud Mishra
1031,Prakash Belawadi
1032,Harshaali Malhotra
1033,Kareena Kapoor
1034,Danny Denzongpa
1035,Ryan Gosling
1036,Emma Stone
1037,Rosemarie DeWitt
1038,Dev Patel
1039,Nicole Kidman
1040,Rooney Mara
1041,Sunny Pawar
1042,Kristen Wiig
1043,Kate Mara
1044,Rich Moore
1045,Jared Bush
1046,Ginnifer Goodwin
1047,Jason Bateman
1048,Ramya Krishnan
1049,Sathyaraj
1050,Chloë Grace Moretz
1051,Mary Steenburgen
1052,James Marsden
1053,Owen Wilson
1054,Izabela Vidovic
1055,Julia Roberts
1056,Vijay Varma
1057,Nakul Roshan Sahdev
1058,Ranveer Singh
1059,Vijay Raaz
1060,Frantz Turner
1061,John Gallagher Jr.
1062,Kaitlyn Dever
1063,Iko Uwais
1064,Yayan Ruhian
1065,Arifin Putra
1066,Oka Antara
1067,Benedict Cumberbatch
1068,Keira Knightley
1069,Matthew Goode
1070,Allen Leech
1071,Chris Pratt
1072,Vin Diesel
1073,Bradley Cooper
1074,Zoe Saldana
1075,Ana de Armas
1076,Dave Bautista
1077,Amy Adams
1078,Rami Malek
1079,Lucy Boynton
1080,Gwilym Lee
1081,Ben Hardy
1082,Will Poulter
1083,Domhnall Gleeson
1084,Logan Lerman
1085,Ezra Miller
1086,Paul Rudd
1087,Wagner Moura
1088,Irandhir Santos
1089,André Ramiro
1090,Milhem Cortaz
1091,Geoffrey Rush
1092,Helena Bonham Carter
1093,Derek Jacobi
1094,Octavia Spencer
1095,Bryce Dallas Howard
1096,Ryan Reynolds
1097,Morena Baccarin
1098,T.J. Miller
1099,Ed Skrein
1100,Golshifteh Farahani
1101,Taraneh Alidoosti
1102,Merila Zare'i
1103,Kalki Koechlin
1104,Dibyendu Bhattacharya
1105,Donnie Yen
1106,Simon Yam
1107,Siu-Wong Fan
1108,Ka Tung Lam
1109,Sheetal Menon
1110,Katie A. Keane
1111,Mete Horozoglu
1112,Ilker Kizmaz
1113,Baris Bagci
1114,Loveleen Tandan
1115,Freida Pinto
1116,Mila Kunis
1117,Winona Ryder
1118,Caio Junqueira
1119,Jeremy Renner
1120,Marjane Satrapi
1121,Chiara Mastroianni
1122,Catherine Deneuve
1123,Gena Rowlands
1124,Jennifer Garner
1125,Steve Zahn
1126,Will Smith
1127,Thandie Newton
1128,Jaden Smith
1129,Brian Howe
1130,Djimon Hounsou
1131,Kagiso Kuypers
1132,Edgar Ramírez
1133,Julia Stiles
1134,Seung-Yun Lee
1135,Hee Jae
1136,Hyuk-ho Kwon
1137,Jin-mo Joo
1138,Quentin Tarantino
1139,Robert Rodriguez
1140,Mickey Rourke
1141,Clive Owen
1142,Laura Obiols
1143,Emmanuelle Seigner
1144,Marie-Josée Croze
1145,Cem Yilmaz
1146,Özge Özberk
1147,Ozan Güven
1148,Safak Sezer
1149,Jan Pinkava
1150,Brad Garrett
1151,Lou Romano
1152,Patton Oswalt
1153,Daniel Craig
1154,Eva Green
1155,Judi Dench
1156,Jeffrey Wright
1157,Vladimir Garin
1158,Ivan Dobronravov
1159,Konstantin Lavronenko
1160,Nataliya Vdovina
1161,Ki-duk Kim
1162,Yeong-su Oh
1163,Jong-ho Kim
1164,Kim Young-Min
1165,Belén Rueda
1166,Lola Dueñas
1167,Mabel Rivera
1168,Renée Zellweger
1169,Craig Bierko
1170,Paul Giamatti
1171,Jaya Bachchan
1172,Alan Mak
1173,Andy Lau
1174,Anthony Chau-Sang Wong
1175,Johnny Depp
1176,Albert Finney
1177,Jessica Lange
1178,Craig T. Nelson
1179,Holly Hunter
1180,Jason Lee
1181,Tae-Hyun Cha
1182,Jun Ji-Hyun
1183,In-mun Kim
1184,Song Wok-suk
1185,Paul Bettany
1186,Lauren Bacall
1187,Ömer Faruk Sorak
1188,Yilmaz Erdogan
1189,Altan Erkekli
1190,Jena Malone
1191,Mary McDonnell
1192,Holmes Osborne
1193,Tom Cruise
1194,Björk
1195,Peter Stormare
1196,Richard Farnsworth
1197,Sissy Spacek
1198,Jane Galloway Heitz
1199,Joseph A. Carpenter
1200,Junko Iwao
1201,Rica Matsumoto
1202,Shinpachi Tsuji
1203,Masaaki Ôkura
1204,Ulrich Thomsen
1205,Henning Moritzen
1206,Paprika Steen
1207,Fernanda Montenegro
1208,Vinícius de Oliveira
1209,Marília Pêra
1210,Soia Lira
1211,Eli Marienthal
1212,Harry Connick Jr.
1213,Jennifer Aniston
1214,Til Schweiger
1215,Jan Josef Liefers
1216,Thierry van Werveke
1217,Moritz Bleibtreu
1218,Billy Bob Thornton
1219,Dwight Yoakam
1220,J.T. Walsh
1221,John Ritter
1222,Timothy Spall
1223,Brenda Blethyn
1224,Phyllis Logan
1225,Claire Rushbrook
1226,Madeleine Stowe
1227,Joseph Melito
1228,Atsuko Tanaka
1229,Iemasa Kayumi
1230,Akio Ôtsuka
1231,Kôichi Yamadera
1232,Danny Elfman
1233,Chris Sarandon
1234,Catherine O'Hara
1235,William Hickey
1236,Bill Murray
1237,Andie MacDowell
1238,Chris Elliott
1239,Stephen Tobolowsky
1240,Damian Chapa
1241,Jesse Borrego
1242,Enrique Castillo
1243,Chris O'Donnell
1244,James Rebhorn
1245,Gabrielle Anwar
1246,John Musker
1247,Scott Weinger
1248,Linda Larkin
1249,Kevin Costner
1250,Walter Matthau
1251,Kirk Wise
1252,Paige O'Hara
1253,Robby Benson
1254,Jesse Corti
1255,Graham Greene
1256,Rodney A. Grant
1257,Ossie Davis
1258,Ruby Dee
1259,Richard Edson
1260,Dustin Hoffman
1261,Gerald R. Molen
1262,Mitsuo Iwata
1263,Nozomu Sasaki
1264,Mami Koyama
1265,Tesshô Genda
1266,Cary Elwes
1267,Mandy Patinkin
1268,Solveig Dommartin
1269,Otto Sander
1270,Curt Bois
1271,Gaspard Manesse
1272,Raphael Fejtö
1273,Francine Racette
1274,Stanislas Carré de Malberg
1275,Mayumi Tanaka
1276,Keiko Yokozawa
1277,Kotoe Hatsui
1278,Minori Terada
1279,Paul Winfield
1280,Rohini Hattangadi
1281,Roshan Seth
1282,Ken'ichi Hagiwara
1283,Melvyn Douglas
1284,Jack Warden
1285,Woody Allen
1286,Tony Roberts
1287,Carol Kane
1288,Roy Scheider
1289,Richard Dreyfuss
1290,Lorraine Gary
1291,Penelope Allen
1292,Sully Boyar
1293,Gene Wilder
1294,Marty Feldman
1295,Peter Boyle
1296,Victor Jory
1297,Don Gordon
1298,Linda Blair
1299,Alec Cawthorne
1300,John Matthews
1301,Timothy Bottoms
1302,Ben Johnson
1303,Topol
1304,Norma Crane
1305,Leonard Frey
1306,Molly Picon
1307,Stefania Sandrelli
1308,Gastone Moschin
1309,Enzo Tarascio
1310,Katharine Ross
1311,Mia Farrow
1312,John Cassavetes
1313,Ruth Gordon
1314,Sidney Blackmer
1315,Roddy McDowall
1316,Kim Hunter
1317,Maurice Evans
1318,William Daniels
1319,Elizabeth Taylor
1320,Richard Burton
1321,George Segal
1322,Sandy Dennis
1323,Julie Andrews
1324,Eleanor Parker
1325,Richard Haydn
1326,Omar Sharif
1327,Julie Christie
1328,Geraldine Chaplin
1329,Marianne Koch
1330,Wolfgang Lukschy
1331,Marcello Mastroianni
1332,Anouk Aimée
1333,Sandra Milo
1334,Anna Karina
1335,Sady Rebbot
1336,André S. Labarthe
1337,Guylaine Schlumberger
1338,Jackie Gleason
1339,Piper Laurie
1340,Anita Ekberg
1341,Yvonne Furneaux
1342,Dean Martin
1343,Ricky Nelson
1344,Angie Dickinson
1345,Lee Remick
1346,Ben Gazzara
1347,Arthur O'Connell
1348,Joseph Calleia
1349,Burl Ives
1350,Jack Carson
1351,Susan Harrison
1352,Martin Milner
1353,Coleen Gray
1354,Vince Edwards
1355,Jay C. Flippen
1356,Robert Mitchum
1357,Shelley Winters
1358,Lillian Gish
1359,James Gleason
1360,Richard Basehart
1361,Aldo Silvani
1362,Simone Signoret
1363,Véra Clouzot
1364,Paul Meurisse
1365,Don Taylor
1366,Otto Preminger
1367,Robert Strauss
1368,Audrey Hepburn
1369,Eddie Albert
1370,Hartley Power
1371,Gloria Grahame
1372,Frank Lovejoy
1373,Carl Benton Reid
1374,Dennis Price
1375,Valerie Hobson
1376,Joan Greenwood
1377,John Dall
1378,Farley Granger
1379,Dick Hogan
1380,Jane Greer
1381,Rhonda Fleming
1382,Celia Johnson
1383,Stanley Holloway
1384,Joyce Carey
1385,Gene Tierney
1386,Dana Andrews
1387,Clifton Webb
1388,Vincent Price
1389,Myrna Loy
1390,Teresa Wright
1391,Priscilla Lane
1392,Raymond Massey
1393,Mary Astor
1394,Gladys George
1395,Jane Darwell
1396,John Carradine
1397,Charley Grapewin
1398,Mervyn LeRoy
1399,Norman Taurog
1400,Richard Thorpe
1401,Marcel Dalio
1402,Nora Gregor
1403,Paulette Dubost
1404,Mila Parély
1405,William Powell
1406,Maureen O'Sullivan
1407,Nat Pendleton
1408,Lew Ayres
1409,Louis Wolheim
1410,John Wray
1411,Arnold Lucy
1412,Jamie Lee Curtis
1413,Sanjana Sanghi
1414,Sahil Vaid
1415,Saswata Chatterjee
1416,Lily Franky
1417,Sakura Andô
1418,Kirin Kiki
1419,Mayu Matsuoka
1420,Adam Driver
1421,Julia Greer
1422,Azhy Robertson
1423,Armie Hammer
1424,Timothée Chalamet
1425,Michael Stuhlbarg
1426,Amira Casar
1427,Dave Johns
1428,Hayley Squires
1429,Sharon Percy
1430,Bryan Cranston
1431,Koyu Rankin
1432,Bob Balaban
1433,Julian Dennison
1434,Rima Te Wiata
1435,Rachel House
1436,Samantha Isler
1437,Annalise Basso
1438,Ferdia Walsh-Peelo
1439,Aidan Gillen
1440,Maria Doyle Kennedy
1441,Jack Reynor
1442,Tom Hiddleston
1443,Cate Blanchett
1444,Rene Russo
1445,Bill Paxton
1446,Riz Ahmed
1447,Roman Griffin Davis
1448,Thomasin McKenzie
1449,Taika Waititi
1450,Forest Whitaker
1451,Daisy Ridley
1452,John Boyega
1453,Oscar Isaac
1454,Seamus Davey-Fitzpatrick
1455,Ariane Labed
1456,James McAvoy
1457,Muhammet Uzuner
1458,Taner Birsel
1459,Ahmet Mümtaz Taylan
1460,Jean Dujardin
1461,Bérénice Bejo
1462,James Cromwell
1463,Emily Blunt
1464,Emmanuelle Riva
1465,Isabelle Huppert
1466,Alexandre Tharaud
1467,Tahar Rahim
1468,Niels Arestrup
1469,Adel Bencherif
1470,Reda Kateb
1471,Dominique McElligott
1472,Rosie Shaw
1473,Kåre Hedebrant
1474,Lina Leandersson
1475,Per Ragnar
1476,Henrik Dahl
1477,Sharlto Copley
1478,David James
1479,Jason Cope
1480,Nathalie Boltt
1481,Marisa Tomei
1482,Evan Rachel Wood
1483,Mark Margolis
1484,Tarun Arora
1485,Dara Singh
1486,Ellar Coltrane
1487,Patricia Arquette
1488,Elijah Smith
1489,Anamaria Marinca
1490,Laura Vasiliu
1491,Vlad Ivanov
1492,Alexandru Potocean
1493,Chris Pine
1494,Zachary Quinto
1495,Simon Pegg
1496,Leonard Nimoy
1497,Colin Farrell
1498,Elizabeth Berrington
1499,David Lee Smith
1500,Tony Todd
1501,John Billingsley
1502,Ellen Crawford
1503,Kazunari Ninomiya
1504,Tsuyoshi Ihara
1505,Ryô Kase
1506,Lee Pace
1507,Catinca Untaru
1508,Justine Waddell
1509,Kim Uylenbroek
1510,Suraj Sharma
1511,Adil Hussain
1512,George Clooney
1513,Meryl Streep
1514,Michel Côté
1515,Marc-André Grondin
1516,Danielle Proulx
1517,Émile Vallée
1518,Gérard Jugnot
1519,François Berléand
1520,Jean-Baptiste Maunier
1521,Kad Merad
1522,Gwyneth Paltrow
1523,Terrence Howard
1524,Nick Frost
1525,Kate Ashfield
1526,Lucy Davis
1527,Birol Ünel
1528,Sibel Kekilli
1529,Güven Kiraç
1530,Zarah Jane McKenzie
1531,Sean Penn
1532,Kevin Bacon
1533,Emmy Rossum
1534,Richard Griffiths
1535,Jet Li
1536,Ziyi Zhang
1537,Rosario Flores
1538,Javier Cámara
1539,Leonor Watling
1540,Branko Djuric
1541,Rene Bitorajac
1542,Filip Sovagovic
1543,Georges Siatidis
1544,Tensai Okamura
1545,Hiroyuki Okiura
1546,Yoshiyuki Takei
1547,Beau Billingslea
1548,Franka Potente
1549,Chris Cooper
1550,Gastón Pauls
1551,Graciela Tenenbaum
1552,María Mercedes Villagra
1553,Patrick Fugit
1554,Kate Hudson
1555,Naomi Watts
1556,Laura Harring
1557,Justin Theroux
1558,Jeanne Bates
1559,Ash Brannon
1560,Burt Reynolds
1561,Luis Guzmán
1562,Yoko Honna
1563,Issey Takahashi
1564,Takashi Tachibana
1565,Shigeru Muroi
1566,Rena Owen
1567,Temuera Morrison
1568,Mamaengaroa Kerr-Bell
1569,Julian Arahanga
1570,Christian Slater
1571,Dennis Hopper
1572,Juliette Binoche
1573,Zbigniew Zamachowski
1574,Benoît Régent
1575,Emi Shinohara
1576,Takeshi Aono
1577,Osamu Saka
1578,Penelope Ann Miller
1579,John Leguizamo
1580,Dianne Wiest
1581,Anthony Michael Hall
1582,Brenda Fricker
1583,Alison Whelan
1584,Kirsten Sheridan
1585,Martin Landau
1586,Bill Bernstein
1587,Claire Bloom
1588,Charles Martin Smith
1589,Barbara Hershey
1590,Jonathan Pryce
1591,Kim Greist
1592,Katherine Helmond
1593,Rob Reiner
1594,Michael McKean
1595,Christopher Guest
1596,Kimberly Stringer
1597,Peter Billingsley
1598,Melinda Dillon
1599,Darren McGavin
1600,Scott Schwartz
1601,John Belushi
1602,Dan Aykroyd
1603,Cab Calloway
1604,John Candy
1605,Mariel Hemingway
1606,Michael Murphy
1607,Ann Reinking
1608,Leland Palmer
1609,David Emge
1610,Ken Foree
1611,Scott H. Reiniger
1612,Gaylen Ross
1613,Alejandro Jodorowsky
1614,Horacio Salinas
1615,Zamira Saunders
1616,Juan Ferrara
1617,Magali Noël
1618,Bruno Zanin
1619,Pupella Maggio
1620,Armando Brancia
1621,Fernando Rey
1622,Delphine Seyrig
1623,Paul Frankeur
1624,Bulle Ogier
1625,Ruy Guerra
1626,Helena Rojo
1627,Del Negro
1628,Bud Cort
1629,Vivian Pickles
1630,Cyril Cusack
1631,Stephen Young
1632,Michael Strong
1633,Ernest Borgnine
1634,Robert Ryan
1635,Duane Jones
1636,Judith O'Dea
1637,Karl Hardman
1638,Marilyn Eastman
1639,Katharine Hepburn
1640,John Castle
1641,Sidney Poitier
1642,Warren Oates
1643,Lee Grant
1644,James Coburn
1645,Frank Sinatra
1646,Laurence Harvey
1647,Angela Lansbury
1648,Jean Simmons
1649,Gabriele Ferzetti
1650,Monica Vitti
1651,Lea Massari
1652,Dominique Blanchar
1653,Eiji Okada
1654,Stella Dassas
1655,Pierre Barbaud
1656,Yul Brynner
1657,Jeffrey Hunter
1658,Ward Bond
1659,James Dean
1660,Julie Harris
1661,Gary Cooper
1662,Lloyd Bridges
1663,Robert Walker
1664,Ruth Roman
1665,Leo G. Carroll
1666,Wallace Ford
1667,William H. Lynn
1668,Victoria Horne
1669,Edmund Gwenn
1670,Maureen O'Hara
1671,John Payne
1672,Gene Lockhart
1673,Louis Calhern
1674,John Ridgely
1675,Martha Vickers
1676,Jane Wyman
1677,Phillip Terry
1678,Howard Da Silva
1679,Ruth Hussey
1680,Rosalind Russell
1681,Ralph Bellamy
1682,William Keighley
1683,Errol Flynn
1684,Olivia de Havilland
1685,Basil Rathbone
1686,Edmund Goulding
1687,Groucho Marx
1688,Chico Marx
1689,Harpo Marx
1690,Ernest B. Schoedsack
1691,Fay Wray
1692,Robert Armstrong
1693,Bruce Cabot
1694,Leila Hyams
1695,Olga Baclanova
1696,Roscoe Ates
1697,Charlie Hunnam
1698,Michelle Dockery
1699,Jeremy Strong
1700,Alia Bhatt
1701,Rajit Kapoor
1702,Shishir Sharma
1703,Olivia Cooke
1704,Paul Raci
1705,Lauren Ridloff
1706,Babak Karimi
1707,Mina Sadati
1708,Fionn Whitehead
1709,Barry Keoghan
1710,Mark Rylance
1711,Giuseppe Battiston
1712,Anna Foglietta
1713,Marco Giallini
1714,Edoardo Leo
1715,Taraji P. Henson
1716,Janelle Monáe
1717,Ben Whishaw
1718,Hugh Grant
1719,Hugh Bonneville
1720,Sally Hawkins
1721,Diljit Dosanjh
1722,Art Parkinson
1723,Kiara Advani
1724,Disha Patani
1725,Casey Affleck
1726,Michelle Williams
1727,Kyle Chandler
1728,Lucas Hedges
1729,Roland Møller
1730,Louis Hofmann
1731,Joel Basman
1732,Mikkel Boe Følsgaard
1733,Felicity Jones
1734,Diego Luna
1735,Alan Tudyk
1736,Jennifer Jason Leigh
1737,Walton Goggins
1738,Saoirse Ronan
1739,Florence Pugh
1740,Eliza Scanlen
1741,Hugh Welchman
1742,Douglas Booth
1743,Jerome Flynn
1744,Robert Gulaczyk
1745,Bill Nighy
1746,Imelda Staunton
1747,Dominic West
1748,Paddy Considine
1749,Ali Mosaffa
1750,Pauline Burlet
1751,Toni Servillo
1752,Carlo Verdone
1753,Sabrina Ferilli
1754,Carlo Buccirosso
1755,Lillete Dubey
1756,Annu Kapoor
1757,Dolly Ahluwalia
1758,Chris Williams
1759,Ryan Potter
1760,Scott Adsit
1761,Jamie Chung
1762,Lydia Wilson
1763,Sridevi
1764,Mehdi Nebbou
1765,Priya Anand
1766,Hideaki Anno
1767,Hidetoshi Nishijima
1768,Miori Takimoto
1769,Masahiko Nishimura
1770,Annie Potts
1771,Tony Hale
1772,Jim Sturgess
1773,Sylvia Hoeks
1774,Donald Sutherland
1775,Jared Gilman
1776,Kara Hayward
1777,Craig Ferguson
1778,Steve Carell
1779,Takako Matsu
1780,Yoshino Kimura
1781,Masaki Okada
1782,Lee Byung-Hun
1783,Jeon Gook-Hwan
1784,Ho-jin Chun
1785,Barkhad Abdi
1786,Barkhad Abdirahman
1787,Sae-ron Kim
1788,Tae-hoon Kim
1789,Hee-won Kim
1790,O'Shea Jackson Jr.
1791,Corey Hawkins
1792,Jason Mitchell
1793,Neil Brown Jr.
1794,Hye-ja Kim
1795,Jin Goo
1796,Je-mun Yun
1797,Kim Yoon-seok
1798,Yeong-hie Seo
1799,Yoo-Jeong Kim
1800,Martin Freeman
1801,Richard Armitage
1802,Ken Stott
1803,Christian Friedel
1804,Ernst Jacobi
1805,Leonie Benesch
1806,Michael Nyqvist
1807,Noomi Rapace
1808,Ewa Fröling
1809,Lena Endre
1810,Eddie Redmayne
1811,Alex Sharp
1812,Sacha Baron Cohen
1813,Magnus Millang
1814,Lars Ranthe
1815,Maggie Grace
1816,Famke Janssen
1817,Leland Orser
1818,Asa Butterfield
1819,David Thewlis
1820,Rupert Friend
1821,Zac Mattoon O'Brien
1822,Glen Hansard
1823,Markéta Irglová
1824,Hugh Walsh
1825,Gerard Hendrick
1826,Andy Serkis
1827,Baki Davrak
1828,Nurgül Yesilçay
1829,Tuncel Kurtiz
1830,Nursel Köse
1831,Carey Mulligan
1832,Denzel Washington
1833,Michelle Rodriguez
1834,Sarah Polley
1835,Linh Dan Pham
1836,Gerardo Taracena
1837,Raoul Max Trujillo
1838,Dalia Hernández
1839,Rudy Youngblood
1840,Valerie Faris
1841,Greg Kinnear
1842,Tilda Swinton
1843,Julia Ormond
1844,Kirron Kher
1845,Nicolas Bro
1846,Matthew Macfadyen
1847,Diane Ladd
1848,Iain Rea
1849,Tessa Mitchell
1850,Shôgo Furuya
1851,Tôru Emori
1852,Yoshiaki Umegaki
1853,Aya Okamoto
1854,Nathan Fillion
1855,Gina Torres
1856,Reese Witherspoon
1857,Andreas Wilson
1858,Henrik Lundström
1859,Gustaf Skarsgård
1860,Linda Zilliacus
1861,Rodrigo De la Serna
1862,Mía Maestro
1863,Mercedes Morán
1864,Oksana Akinshina
1865,Artyom Bogucharskiy
1866,Pavel Ponomaryov
1867,Lyubov Agapova
1868,Michèle Caucheteux
1869,Jean-Claude Donda
1870,Michel Robin
1871,Monica Viegas
1872,Lee Yeong-ae
1873,Kim Tae-Woo
1874,Jim Caviezel
1875,Christopher Adamson
1876,JB Blanc
1877,Trevor Jack Brooks
1878,Lorelei Linklater
1879,Wiley Wiggins
1880,Will Patton
1881,Wood Harris
1882,Ryan Hurst
1883,Yun-Fat Chow
1884,Michelle Yeoh
1885,Chen Chang
1886,Cecilia Roth
1887,Marisa Paredes
1888,Candela Peña
1889,Antonia San Juan
1890,Helen Hunt
1891,Paul Sanchez
1892,Lari White
1893,Sean Patrick Flanery
1894,Norman Reedus
1895,David Della Rocco
1896,Diane Venora
1897,Chris Owen
1898,Vicky Jenson
1899,Mike Myers
1900,Eddie Murphy
1901,Cameron Diaz
1902,Billy Zane
1903,Kathy Bates
1904,Takeshi Kitano
1905,Kayoko Kishimoto
1906,Ren Osugi
1907,Susumu Terajima
1908,Jude Law
1909,Gore Vidal
1910,Michael Douglas
1911,Deborah Kara Unger
1912,Emily Watson
1913,Katrin Cartlidge
1914,Jean-Marc Barr
1915,Sarah Jessica Parker
1916,Juliette Lewis
1917,Kevin Jarre
1918,Sam Elliott
1919,Tom Guiry
1920,Mike Vitar
1921,Art LaFleur
1922,Patrick Renna
1923,Emma Thompson
1924,John Haycraft
1925,Christopher Reeve
1926,Lesley Sharp
1927,Greg Cruttwell
1928,Sela Ward
1929,Lillo Brancato
1930,Francis Capra
1931,Boyd Kirkland
1932,Frank Paur
1933,Dan Riba
1934,Eric Radomski
1935,Teresa Mo
1936,Philip Chan
1937,Lisanne Falk
1938,Alan Randolph Scott
1939,Wladyslaw Kowalski
1940,Halina Gryglaszewska
1941,Kalina Jedrusik
1942,Cuba Gooding Jr.
1943,Hudhail Al-Amir
1944,Lloyd Avery II
1945,Frances Sternhagen
1946,Julie Kavner
1947,Ruth Nelson
1948,Kirsten Dunst
1949,Minami Takayama
1950,Rei Sakuma
1951,Kappei Yamaguchi
1952,Danny Lee
1953,Sally Yeh
1954,Kong Chu
1955,Thomas F. Wilson
1956,Brad Dourif
1957,Kevin Peter Hall
1958,Elpidia Carrillo
1959,Bruce Campbell
1960,Sarah Berry
1961,Dan Hicks
1962,Kassie Wesley DePaiva
1963,Alan Ruck
1964,Mia Sara
1965,Jeffrey Jones
1966,Tom Waits
1967,John Lurie
1968,Sean Astin
1969,Jeff Cohen
1970,Danny Glover
1971,Whoopi Goldberg
1972,Oprah Winfrey
1973,Margaret Avery
1974,Emilio Estevez
1975,Judd Nelson
1976,Molly Ringwald
1977,Ally Sheedy
1978,Sam Waterston
1979,Haing S. Ngor
1980,John Malkovich
1981,Julian Sands
1982,Harold Ramis
1983,Sam Shepard
1984,Scott Glenn
1985,Dennis Quaid
1986,Jerry Lewis
1987,Diahnne Abbott
1988,Sandra Bernhard
1989,Henry Thomas
1990,Drew Barrymore
1991,Peter Coyote
1992,Dee Wallace
1993,Jane Alexander
1994,Justin Henry
1995,Brooke Adams
1996,Linda Manz
1997,Sondra Locke
1998,Chief Dan George
1999,Bill McKinney
2000,Saeed Jaffrey
2001,Allen Garfield
2002,Barry Bostwick
2003,Jennifer Drake
2004,Eric Baugin
2005,Jean Topart
2006,Edward Fox
2007,Terence Alexander
2008,Michel Auclair
2009,Alan Badel
2010,Ramon Bieri
2011,Liza Minnelli
2012,Michael York
2013,Helmut Griem
2014,Joel Grey
2015,Jack Albertson
2016,Peter Ostrum
2017,Roy Kinnear
2018,Sylvia Miles
2019,John McGiver
2020,Alan Arkin
2021,Richard Crenna
2022,Efrem Zimbalist Jr.
2023,Katharine Houghton
2024,Warren Beatty
2025,Michael J. Pollard
2026,Rex Harrison
2027,Wilfrid Hyde-White
2028,Dick Van Dyke
2029,David Tomlinson
2030,Glynis Johns
2031,Andrew Marton
2032,Gerd Oswald
2033,Bernhard Wicki
2034,Darryl F. Zanuck
2035,Jeanne Moreau
2036,Oskar Werner
2037,Henri Serre
2038,Vanna Urbino
2039,Deborah Kerr
2040,Peter Wyngarde
2041,Megs Jenkins
2042,Michael Redgrave
2043,Jean-Paul Belmondo
2044,Jean Seberg
2045,Daniel Boulanger
2046,Henri-Jacques Huet
2047,Arthur Rosson
2048,Montgomery Clift
2049,Joanne Dru
2050,Walter Brennan
2051,Dolores Moran
2052,Macdonald Carey
2053,Henry Travers
2054,Claire Trevor
2055,Andy Devine
2056,Margaret Lockwood
2057,Paul Lukas
2058,May Whitty
2059,Charles Ruggles
2060,Walter Catlett
2061,Boris Karloff
2062,Colin Clive
2063,Zeppo Marx
2064,Richard Rosson
2065,Paul Muni
2066,Ann Dvorak
2067,Karen Morley
2068,Mae Clarke
2069,John Boles
2070,Yalitza Aparicio
2071,Marina de Tavira
2072,Diego Cortina Autrey
2073,Carlos Peralta
2074,Josh O'Connor
2075,Alec Secareanu
2076,Gemma Jones
2077,Ian Hart
2078,Kelsey Asbille
2079,Julia Jones
2080,Teo Briones
2081,Daniel Kaluuya
2082,Allison Williams
2083,Bradley Whitford
2084,Henry Cavill
2085,Ving Rhames
2086,Rolf Lassgård
2087,Bahar Pars
2088,Filip Berg
2089,Ida Engvoll
2090,Jemaine Clement
2091,Cori Gonzalez-Macuer
2092,Hiromasa Yonebayashi
2093,Sara Takatsuki
2094,Kasumi Arimura
2095,Nanako Matsushima
2096,Tom Prior
2097,Sophie Perry
2098,Taron Egerton
2099,Shailene Woodley
2100,Ansel Elgort
2101,Nat Wolff
2102,Thomas Mann
2103,RJ Cyler
2104,Nick Offerman
2105,Zach Galifianakis
2106,Andrea Riseborough
2107,Léa Seydoux
2108,Adèle Exarchopoulos
2109,Salim Kechiouche
2110,Aurélien Recoing
2111,Amit Sadh
2112,Amrita Puri
2113,Veerle Baetens
2114,Johan Heldenbergh
2115,Nell Cattrysse
2116,Geert Van Rampelberg
2117,Nargis Fakhri
2118,Shammi Kapoor
2119,Bruce Dern
2120,Will Forte
2121,June Squibb
2122,Bob Odenkirk
2123,John C. Reilly
2124,Jack McBrayer
2125,Jane Lynch
2126,Sarah Silverman
2127,Marion Cotillard
2128,Christina Hendricks
2129,Lucy Liu
2130,Kurt Fuller
2131,Phil Lord
2132,Will Ferrell
2133,Elizabeth Banks
2134,Sandra Bullock
2135,Orto Ignatiussen
2136,Abraham Attah
2137,Emmanuel Affadzi
2138,Ricky Adelayitor
2139,Andrew Adote
2140,Jesse Eisenberg
2141,Justin Timberlake
2142,Jennifer Lawrence
2143,Justin Bartha
2144,Ed Helms
2145,Naomie Harris
2146,Jacki Weaver
2147,Zooey Deschanel
2148,Geoffrey Arend
2149,Tomoko Yamaguchi
2150,Frank Langella
2151,Michael Sheen
2152,Katsunosuke Hori
2153,Tôru Furuya
2154,Angelina Jolie
2155,Colm Feore
2156,Amy Ryan
2157,Gattlin Griffith
2158,Madeline Carroll
2159,Callan McAuliffe
2160,Rebecca De Mornay
2161,Anthony Edwards
2162,Riisa Naka
2163,Takuya Ishida
2164,Mitsutaka Itakura
2165,Ayami Kakiuchi
2166,Tatsuya Fujiwara
2167,Ken'ichi Matsuyama
2168,Asaka Seto
2169,Yû Kashii
2170,Thomas Turgoose
2171,Stephen Graham
2172,Jo Hartley
2173,Andrew Shim
2174,Alicia Vikander
2175,Sonoya Mizuno
2176,Sidse Babett Knudsen
2177,Neeral Mulchandani
2178,Gillian Anderson
2179,Josh Hartnett
2180,Benno Fürmann
2181,Guillaume Canet
2182,Natalie Dessay
2183,Sam Riley
2184,Samantha Morton
2185,Craig Parkinson
2186,Byron Howard
2187,Mandy Moore
2188,Zachary Levi
2189,Donna Murphy
2190,Carice van Houten
2191,Thom Hoffman
2192,Halina Reijn
2193,Randy Quaid
2194,Ben Foster
2195,Karina Arroyave
2196,Stephen Chow
2197,Wah Yuen
2198,Qiu Yuen
2199,Siu-Lung Leung
2200,Brian Cox
2201,Aitana Sánchez-Gijón
2202,John Sharian
2203,Regina King
2204,Clifton Powell
2205,Giovanni Ribisi
2206,Anna Faris
2207,Eric Sykes
2208,Dakota Fanning
2209,Radha Mitchell
2210,Teri Hatcher
2211,John Hodgman
2212,Jennifer Saunders
2213,Billy Connolly
2214,William Atherton
2215,Eileen Walsh
2216,Dorothy Duffy
2217,Nora-Jane Noone
2218,Anne-Marie Duff
2219,Katrin Saß
2220,Chulpan Khamatova
2221,Florian Lukas
2222,Sarah Bolger
2223,Nicolas Cage
2224,Tyler Hoechlin
2225,Rob Maxey
2226,Liam Aiken
2227,Christian Berkel
2228,Oliver Stokowski
2229,Wotan Wilke Möhring
2230,Jamie Bell
2231,Julie Walters
2232,Jean Heywood
2233,Jamie Draven
2234,John Cameron Mitchell
2235,Miriam Shor
2236,Stephen Trask
2237,Theodore Liscinski
2238,Andrew Philpot
2239,John Rafter Lee
2240,Pamela Adlon
2241,Wendee Lee
2242,John Turturro
2243,Tim Blake Nelson
2244,Matthew Edison
2245,Trey Parker
2246,Matt Stone
2247,Mary Kay Bergman
2248,Isaac Hayes
2249,Ron Livingston
2250,David Herman
2251,Ajay Naidu
2252,Jane Adams
2253,Jon Lovitz
2254,Dylan Baker
2255,Seymour Cassel
2256,Eduardo Noriega
2257,Penélope Cruz
2258,Chete Lera
2259,Fele Martínez
2260,John Cusack
2261,Milla Jovovich
2262,Ian Holm
2263,Thierry Lhermitte
2264,Jacques Villeret
2265,Francis Huster
2266,Daniel Prévost
2267,Bruno Kirby
2268,Armin Mueller-Stahl
2269,Justin Braine
2270,Sonia Todd
2271,John Mahoney
2272,Kenneth Branagh
2273,Liesel Matthews
2274,Eleanor Bron
2275,Liam Cunningham
2276,Rusty Schwimmer
2277,Leon Lai
2278,Michelle Reis
2279,Charlie Yeung
2280,Massimo Troisi
2281,Maria Grazia Cucinotta
2282,Brian O'Halloran
2283,Jeff Anderson
2284,Marilyn Ghigliotti
2285,Lisa Spoonauer
2286,Bruce Davison
2287,Roberta Maxwell
2288,Buzz Kilman
2289,Kermit the Frog
2290,Dave Goelz
2291,Miss Piggy
2292,Angela Bassett
2293,Delroy Lindo
2294,Spike Lee
2295,Russell Means
2296,Eric Schweig
2297,Shûichirô Moriyama
2298,Tokiko Katô
2299,Bunshi Katsura Vi
2300,Tsunehiko Kamijô
2301,Alec Baldwin
2302,Demi Moore
2303,Jessica Tandy
2304,Mary Stuart Masterson
2305,Mary-Louise Parker
2306,Judy Davis
2307,Bob Hoskins
2308,Joanna Cassidy
2309,Charles Fleischer
2310,Bernard-Pierre Donnadieu
2311,Gene Bervoets
2312,Johanna ter Steege
2313,Gwen Eckhaus
2314,Richard E. Grant
2315,Paul McGann
2316,Ralph Brown
2317,John Lone
2318,Joan Chen
2319,Ruocheng Ying
2320,Miranda Richardson
2321,Nigel Havers
2322,Helmut Qualtinger
2323,Elya Baskin
2324,Isabella Rossellini
2325,Kyle MacLachlan
2326,Jeff Daniels
2327,Irving Metzman
2328,Griffin Dunne
2329,Rosanna Arquette
2330,Verna Bloom
2331,Tommy Chong
2332,Patrick Horgan
2333,John Buckwalter
2334,Charlotte Rampling
2335,William Shatner
2336,DeForest Kelley
2337,James Doohan
2338,Brian Dennehy
2339,Mary Tyler Moore
2340,Judd Hirsch
2341,Timothy Hutton
2342,David Zucker
2343,Jerry Zucker
2344,Robert Hays
2345,Julie Hagerty
2346,Yasuo Yamada
2347,Eiko Masuyama
2348,Kiyoshi Kobayashi
2349,Makio Inoue
2350,Donald Pleasence
2351,Tony Moran
2352,Nancy Kyes
2353,Roman Polanski
2354,Isabelle Adjani
2355,Jo Van Fleet
2356,Georges Adet
2357,Frank Adu
2358,Hector Elizondo
2359,Cleavon Little
2360,Slim Pickens
2361,Harvey Korman
2362,John Randolph
2363,Jack Kehoe
2364,Biff McGuire
2365,Bruce Lee
2366,John Saxon
2367,Jim Kelly
2368,Ahna Capri
2369,Ronny Cox
2370,Tony Lo Bianco
2371,Andrew Robinson
2372,Harry Guardino
2373,Reni Santoni
2374,Mary Ure
2375,Patrick Wymark
2376,Herb Edelman
2377,Jean Sorel
2378,Michel Piccoli
2379,Geneviève Page
2380,Paul Scofield
2381,Wendy Hiller
2382,Leo McKern
2383,Ian Hendry
2384,John Fraser
2385,Stanley Baker
2386,Ulla Jacobsson
2387,James Booth
2388,Gert Fröbe
2389,Honor Blackman
2390,Shirley Eaton
2391,Rod Taylor
2392,Tippi Hedren
2393,Polly Bergen
2394,Lori Martin
2395,Karlheinz Böhm
2396,Anna Massey
2397,Maxine Audley
2398,Pierre Brasseur
2399,Juliette Mayniel
2400,Alexandre Rignault
2401,Kevin McCarthy
2402,Dana Wynter
2403,Larry Gates
2404,King Donovan
2405,Natalie Wood
2406,Sal Mineo
2407,Jim Backus
2408,Cecil Parker
2409,Herbert Lom
2410,Walter Hampden
2411,Barry Fitzgerald
2412,Michael Rennie
2413,Patricia Neal
2414,Hugh Marlowe
2415,Sam Jaffe
2416,Robert Morley
2417,Peter Bull
2418,Rita Hayworth
2419,Glenn Ford
2420,Samuel Armstrong
2421,Ford Beebe Jr.
2422,Norman Ferguson
2423,David Hand
2424,Gloria Stuart
2425,William Harrigan
2426,Bill Pullman
2427,John Cho
2428,Debra Messing
2429,Joseph Lee
2430,Michelle La
2431,Maryana Spivak
2432,Aleksey Rozin
2433,Matvey Novikov
2434,Marina Vasileva
2435,Brooklynn Prince
2436,Bria Vinaite
2437,Christopher Rivera
2438,Michael B. Jordan
2439,Charlie Pye Jr.
2440,Mckenna Grace
2441,Lindsay Duncan
2442,Michael Schwartz
2443,Zack Gottsagen
2444,Ann Owens
2445,Dakota Johnson
2446,Laia Costa
2447,Frederick Lau
2448,Franz Rogowski
2449,Burak Yigit
2450,Günes Sensoy
2451,Doga Zeynep Doguslu
2452,Tugba Sunguroglu
2453,Elit Iscan
2454,Jon Hamm
2455,Eiza González
2456,Alan Alda
2457,Sarah Vowell
2458,Huck Milner
2459,Don Hall
2460,Auli'i Cravalho
2461,Tessa Thompson
2462,Phylicia Rashad
2463,Aleksey Serebryakov
2464,Elena Lyadova
2465,Roman Madyanov
2466,Vladimir Vdovichenkov
2467,Gil Birmingham
2468,Steve Coogan
2469,Sophie Kennedy Clark
2470,Mare Winningham
2471,Keri Russell
2472,Kodi Smit-McPhee
2473,Hugo Silva
2474,Aura Garrido
2475,Ananda George
2476,Ray Sahetapy
2477,Donny Alamsyah
2478,Michael Peña
2479,Anna Kendrick
2480,America Ferrera
2481,Mirai Shida
2482,Lady Gaga
2483,Greg Grunberg
2484,Hailee Steinfeld
2485,Mikael Persbrandt
2486,Trine Dyrholm
2487,Markus Rygaard
2488,Wil Johnson
2489,Chris Renaud
2490,Jason Segel
2491,Russell Brand
2492,Seth Rogen
2493,Aaron Taylor-Johnson
2494,Garrett M. Brown
2495,Luis Tosar
2496,Alberto Ammann
2497,Antonio Resines
2498,Manuel Morón
2499,Antonio Banderas
2500,Elena Anaya
2501,Jan Cornet
2502,Abigail Breslin
2503,Jürgen Vogel
2504,Max Riemelt
2505,Jennifer Ulrich
2506,Mark Strong
2507,Quinton Aaron
2508,Tim McGraw
2509,Jae Head
2510,Richard Jenkins
2511,Haaz Sleiman
2512,Danai Gurira
2513,Hiam Abbass
2514,Rosario Dawson
2515,Michael Ealy
2516,Josef Altin
2517,Charlie Cox
2518,Claire Danes
2519,Sienna Miller
2520,Nora Twomey
2521,Evan McGuire
2522,Mick Lally
2523,Michelle Monaghan
2524,Sylvie Testud
2525,Pascal Greggory
2526,Li Sun
2527,Yong Dong
2528,Yun Qu
2529,Jessica Biel
2530,Rufus Sewell
2531,Gary Stretch
2532,Toby Kebbell
2533,Stuart Wolfenden
2534,Lena Headey
2535,David Wenham
2536,Jonathan Rhys Meyers
2537,Jackie Earle Haley
2538,Patrick Wilson
2539,Carla Gugino
2540,Malin Akerman
2541,Bridget Moynahan
2542,Leigh Whannell
2543,Ken Leung
2544,Brady Corbet
2545,Elisabeth Shue
2546,Chase Ellison
2547,Thibault Verhaeghe
2548,Joséphine Lebas-Joly
2549,Gaspard Ulliel
2550,Dominique Pinon
2551,Peter Dinklage
2552,Patricia Clarkson
2553,Bobby Cannavale
2554,Paul Benjamin
2555,Danny Huston
2556,Shin Ha-kyun
2557,Bae Doona
2558,Ji-Eun Lim
2559,Barry Pepper
2560,J. Mackye Gruber
2561,Ashton Kutcher
2562,Amy Smart
2563,Melora Walters
2564,Cillian Murphy
2565,Christopher Eccleston
2566,Alex Palmer
2567,Aki Maeda
2568,Tarô Yamamoto
2569,Anjelica Huston
2570,Ben Stiller
2571,Daniel Giménez Cacho
2572,Ana López Mercado
2573,Maggie Smith
2574,Alakina Mann
2575,Rachel Griffiths
2576,Joseph Fiennes
2577,Rachel Weisz
2578,Vicellous Shannon
2579,Josh Lucas
2580,Bill Sage
2581,Herbert Knaup
2582,Nina Petri
2583,Kirk Acevedo
2584,Barry Cook
2585,Ming-Na Wen
2586,BD Wong
2587,Tobey Maguire
2588,Michael Lee Gogin
2589,Susanne Lothar
2590,Arno Frisch
2591,Frank Giering
2592,Kiefer Sutherland
2593,William Hurt
2594,Jason Patric
2595,John Roselius
2596,Louis Eppolito
2597,James Fleet
2598,Gary Farmer
2599,Lance Henriksen
2600,Annie Corley
2601,Victor Slezak
2602,Janusz Gajos
2603,Jerzy Stuhr
2604,Rachel Ticotin
2605,Jason London
2606,Rory Cochrane
2607,Ralph Macchio
2608,Mitchell Whitfield
2609,Miki Imai
2610,Toshirô Yanagiba
2611,Mayumi Izuka
2612,Jean-Pierre Jeunet
2613,Marie-Laure Dougnac
2614,Pascal Benezech
2615,Macaulay Culkin
2616,Daniel Stern
2617,John Heard
2618,Andy Garcia
2619,Meg Ryan
2620,Jodi Benson
2621,Samuel E. Wright
2622,Rene Auberjonois
2623,Leslie Nielsen
2624,Priscilla Presley
2625,O.J. Simpson
2626,Ricardo Montalban
2627,Steve Martin
2628,Laila Robins
2629,Gary Busey
2630,Mitchell Ryan
2631,John Getz
2632,Dan Hedaya
2633,Jane Fonda
2634,Doug McKeon
2635,Bruce Spence
2636,Michael Preston
2637,Max Phipps
2638,Michael Beck
2639,James Remar
2640,Dorsey Wright
2641,Brian Tyler
2642,Jim Henson
2643,Frank Oz
2644,Jerry Nelson
2645,Richard Hunt
2646,Roberts Blossom
2647,Jack Thibeau
2648,John Hubley
2649,Richard Briers
2650,Ralph Richardson
2651,Brad Davis
2652,Irene Miracle
2653,Bo Hopkins
2654,Paolo Bonacelli
2655,François Truffaut
2656,Teri Garr
2657,Elliott Gould
2658,Nina van Pallandt
2659,Mark Rydell
2660,Romolo Valli
2661,Maria Monti
2662,Telly Savalas
2663,Carroll O'Connor
2664,Phil Harris
2665,Sebastian Cabot
2666,Louis Prima
2667,Bruce Reitherman
2668,David Hemmings
2669,Vanessa Redgrave
2670,Sarah Miles
2671,John Lennon
2672,Paul McCartney
2673,George Harrison
2674,Ringo Starr
2675,George Peppard
2676,Buddy Ebsen
2677,Rock Hudson
2678,Carroll Baker
2679,Tallulah Bankhead
2680,John Hodiak
2681,Walter Slezak
2682,William Bendix
2683,Robert Donat
2684,Madeleine Carroll
2685,Lucie Mannheim
2686,Godfrey Tearle